X,City,Year,CO,Humidity,NO2,O3,PM10,PM25,SO2,Temperature,lat,lng,IPM25,IPM10,INO2,IO3,IQA,Country
1,Abidjan,2020,NA,86.888698630137,NA,NA,NA,67.4139194139194,NA,26.6695205479452,5.36,-4.0083,13.4827838827839,NA,NA,NA,13.4827838827839,Ivory Coast
2,Abidjan,2021,NA,87.1339779005525,NA,NA,NA,86.0564971751413,NA,27.2878453038674,5.36,-4.0083,17.2112994350283,NA,NA,NA,17.2112994350283,Ivory Coast
3,Abidjan,2022,NA,90.043853820598,NA,NA,NA,54.3242320819113,NA,26.5019933554817,5.36,-4.0083,10.8648464163823,NA,NA,NA,10.8648464163823,Ivory Coast
4,Abidjan,2023,NA,90.4870801033592,NA,NA,NA,57.769436997319,NA,27.149354005168,5.36,-4.0083,11.5538873994638,NA,NA,NA,11.5538873994638,Ivory Coast
5,Abu Dhabi,2019,0.0999999999999999,54.9679347826087,13.085,18.4459854014599,79.7114427860697,111.425,4.98000000000002,28.633152173913,24.4539,54.3773,22.285,5.31409618573798,1.3085,0.307433090024331,23.9009330900243,United Arab Emirates
6,Abu Dhabi,2020,0.100000000000001,55.8700265251989,10.7179292929293,25.2323232323233,78.479797979798,72.6136363636364,4.96767676767674,28.8978779840849,24.4539,54.3773,14.5227272727273,5.23198653198653,1.07179292929293,0.420538720538721,16.0150589225589,United Arab Emirates
7,Abu Dhabi,2021,0.100000000000001,57.3492227979275,11.1067708333333,25.3238961038961,77.1041666666667,82.6131147540984,5.08437499999997,29.0471502590674,24.4539,54.3773,16.5226229508197,5.14027777777778,1.11067708333333,0.422064935064935,18.0553649692179,United Arab Emirates
8,Abu Dhabi,2022,0.100000000000001,58.7860465116279,10.5344481605351,31.1060200668896,99.6677852348993,116.773076923077,4.86053511705686,30.3063122923588,24.4539,54.3773,23.3546153846154,6.64451901565995,1.05344481605351,0.518433667781494,24.9264938684504,United Arab Emirates
9,Abu Dhabi,2023,0.1,55.9024221453287,10.9079861111111,29.7501730103806,81.3923611111111,101.003802281369,6.18159722222222,28.5958477508651,24.4539,54.3773,20.2007604562738,5.42615740740741,1.09079861111111,0.495836216839677,21.7873952842246,United Arab Emirates
10,Accra,2020,NA,84.9167213114754,NA,NA,NA,65.3696369636964,NA,26.6190163934426,5.6037,-0.1869,13.0739273927393,NA,NA,NA,13.0739273927393,Ghana
11,Accra,2021,NA,81.9656084656085,NA,NA,NA,77.7855153203343,NA,27.3862433862434,5.6037,-0.1869,15.5571030640669,NA,NA,NA,15.5571030640669,Ghana
12,Accra,2022,NA,83.0781569965871,NA,NA,NA,62.0147601476015,NA,26.4283276450512,5.6037,-0.1869,12.4029520295203,NA,NA,NA,12.4029520295203,Ghana
13,Accra,2023,NA,78.0142857142857,NA,NA,NA,109.202702702703,NA,28.2047619047619,5.6037,-0.1869,21.8405405405405,NA,NA,NA,21.8405405405405,Ghana
14,Addis Ababa,2019,NA,60.0858657243816,NA,NA,NA,60.9205776173285,NA,16.6844522968198,9.0302,38.7578,12.1841155234657,NA,NA,NA,12.1841155234657,Ethiopia
15,Addis Ababa,2020,NA,64.3959893048128,NA,NA,NA,69.1837270341207,NA,16.4991978609626,9.0302,38.7578,13.8367454068241,NA,NA,NA,13.8367454068241,Ethiopia
16,Addis Ababa,2021,NA,59.5924342105263,NA,NA,NA,71.8422459893048,NA,16.6213815789474,9.0302,38.7578,14.368449197861,NA,NA,NA,14.368449197861,Ethiopia
17,Addis Ababa,2022,NA,64.5179577464789,NA,NA,NA,82.0456140350877,NA,16.9485915492958,9.0302,38.7578,16.4091228070175,NA,NA,NA,16.4091228070175,Ethiopia
18,Addis Ababa,2023,NA,68.9743295019157,NA,NA,NA,79.8493723849372,NA,16.6088122605364,9.0302,38.7578,15.9698744769874,NA,NA,NA,15.9698744769874,Ethiopia
19,Algiers,2019,NA,71.1195219123506,NA,NA,NA,68.2175732217573,NA,20.5776892430279,36.7538,3.0588,13.6435146443515,NA,NA,NA,13.6435146443515,Algeria
20,Algiers,2020,NA,73.4642076502732,NA,NA,NA,65.7108108108108,NA,18.3049180327869,36.7538,3.0588,13.1421621621622,NA,NA,NA,13.1421621621622,Algeria
21,Algiers,2021,NA,70.8426380368098,NA,NA,NA,66.3278145695364,NA,19.6039877300614,36.7538,3.0588,13.2655629139073,NA,NA,NA,13.2655629139073,Algeria
22,Algiers,2022,NA,68.6540669856459,NA,NA,NA,60,NA,20.7306220095694,36.7538,3.0588,12,NA,NA,NA,12,Algeria
23,Algiers,2023,NA,72.1232432432432,NA,NA,NA,50.4540229885058,NA,15.7216216216216,36.7538,3.0588,10.0908045977012,NA,NA,NA,10.0908045977012,Algeria
24,Bamako,2019,NA,20.7307692307692,NA,NA,NA,146.470588235294,NA,24.3076923076923,12.6392,-7.9922,29.2941176470588,NA,NA,NA,29.2941176470588,Mali
25,Bamako,2020,NA,49.86,NA,NA,NA,116.036842105263,NA,27.4533333333333,12.6392,-7.9922,23.2073684210526,NA,NA,NA,23.2073684210526,Mali
26,Bamako,2021,NA,31.1814159292035,NA,NA,NA,145.637305699482,NA,28.4955752212389,12.6392,-7.9922,29.1274611398964,NA,NA,NA,29.1274611398964,Mali
27,Bamako,2022,NA,53.0267175572519,NA,NA,NA,117.114285714286,NA,25.5190839694656,12.6392,-7.9922,23.4228571428571,NA,NA,NA,23.4228571428571,Mali
28,Bamako,2023,NA,29.358064516129,NA,NA,NA,135.716129032258,NA,28.5387096774194,12.6392,-7.9922,27.1432258064516,NA,NA,NA,27.1432258064516,Mali
29,Beijing,2019,6.7024064171123,49.8202702702702,18.0639037433155,23.7786096256685,55.3850267379679,101.248663101604,2.40481283422461,13.5751351351351,39.9042,116.4074,20.2497326203209,3.69233511586453,1.80639037433155,0.396310160427808,22.4524331550802,China
30,Beijing,2020,5.99040404040404,52.4591029023747,14.4146464646465,23.7633838383838,49.2954545454545,93.3383838383838,1.94722222222224,13.2018469656992,39.9042,116.4074,18.6676767676768,3.28636363636364,1.44146464646465,0.396056397306397,20.5051978114478,China
31,Beijing,2021,5.77532133676092,56.0414364640884,13.3419023136247,23.506940874036,50.9922279792746,83.8611825192802,1.5190231362468,13.1146408839779,39.9042,116.4074,16.772236503856,3.39948186528497,1.33419023136247,0.3917823479006,18.4982090831191,China
32,Beijing,2022,4.74053156146179,56.9784053156146,11.0564784053156,29.528903654485,45.3820598006645,75.671096345515,1.41727574750831,15.8887043189369,39.9042,116.4074,15.134219269103,3.02547065337763,1.10564784053156,0.492148394241417,16.732015503876,China
33,Beijing,2023,4.68952879581152,40.8141361256545,12.9874345549738,29.692670157068,65.0261780104712,96.3769633507853,1.55026178010471,12.0157068062827,39.9042,116.4074,19.2753926701571,4.33507853403141,1.29874345549738,0.494877835951134,21.0690139616056,China
34,Bogotá,2019,6.74806629834254,71.689701897019,7.38756906077348,4.22127071823205,27.5690607734807,53.2634408602151,0.694751381215471,7.27750677506775,4.711,-74.0721,10.652688172043,1.83793738489871,0.738756906077348,0.0703545119705341,11.4617995900909,Colombia
35,Bogotá,2020,5.92258883248731,68.0514511873351,6.12258883248731,5.11598984771574,24.3426395939086,52.3686868686869,0.624111675126903,14.2013157894737,4.711,-74.0721,10.4737373737374,1.62284263959391,0.612258883248731,0.085266497461929,11.171262754448,Colombia
36,Bogotá,2021,5.88817480719794,69.7880829015544,5.79768637532134,4.35218508997429,22.7017994858612,48.961439588689,0.658354755784061,13.9139896373057,4.711,-74.0721,9.79228791773779,1.51345329905741,0.579768637532134,0.0725364181662382,10.4445929734362,Colombia
37,Bogotá,2022,5.50969899665552,70.7415282392027,6.0458193979933,3.33946488294315,25.3377926421405,53.6146179401993,0.691304347826087,13.7644518272425,4.711,-74.0721,10.7229235880399,1.6891861761427,0.60458193979933,0.0556577480490524,11.3831632758883,Colombia
38,Bogotá,2023,4.74595300261097,68.3937984496125,5.90652741514361,4.45013054830287,23.5352480417755,50.8837209302326,0.640992167101827,14.591472868217,4.711,-74.0721,10.1767441860465,1.56901653611836,0.590652741514361,0.0741688424717145,10.8415657700326,Colombia
39,Brussels,2019,0.100000000000001,70.7709239130434,10.416890080429,18.0914209115282,16.4959785522788,41.4235924932976,0.919892473118283,12.9578804347826,50.8503,4.3517,8.28471849865952,1.09973190348525,1.0416890080429,0.301523681858803,9.62793118856122,Belgium
40,Brussels,2020,0.100000000000001,73.2035230352303,7.47638483965015,19.6958944281525,15.6736842105263,36.521052631579,0.909230769230769,12.3430894308943,50.8503,4.3517,7.30421052631579,1.04491228070175,0.747638483965015,0.328264907135875,8.38011391741668,Belgium
41,Brussels,2021,0.1,73.4832904884319,8.28350515463917,21.4357512953368,15.7095115681234,41.3598971722365,0.860989010989008,11.9634961439589,50.8503,4.3517,8.2719794344473,1.04730077120823,0.828350515463917,0.357262521588947,9.45759247150016,Belgium
42,Brussels,2022,NA,65.8285714285714,NA,NA,14.8235294117647,34.936974789916,NA,16.4504201680672,50.8503,4.3517,6.98739495798319,0.988235294117647,NA,NA,6.98739495798319,Belgium
43,Brussels,2023,0.0999999999999998,74.9228571428572,6.4044776119403,25.9873134328358,16,39.7313432835821,0.904511278195487,11.5578571428571,50.8503,4.3517,7.94626865671642,1.06666666666667,0.64044776119403,0.433121890547264,9.01983830845771,Belgium
44,Buenos Aires,2019,2.88169014084508,55.0821138211383,9.48053097345133,10.5337078651685,17.8438356164384,39.7410468319559,5.49952153110047,14.1867208672087,-34.6037,-58.3816,7.94820936639119,1.18958904109589,0.948053097345133,0.175561797752809,9.07182426148913,Argentina
45,Buenos Aires,2020,3.79489795918367,70.4744063324538,8.31916010498686,6.78093922651934,16.8257575757576,35.4986737400531,3.15219298245615,17.8836411609499,-34.6037,-58.3816,7.09973474801061,1.12171717171717,0.831916010498686,0.113015653775322,8.04466641228462,Argentina
46,Buenos Aires,2021,1.63921568627452,74.3945736434108,8.12603550295857,9.5410094637224,15.8300835654596,35.2929577464789,2.89000000000001,17.8770025839793,-34.6037,-58.3816,7.05859154929578,1.05533890436397,0.812603550295857,0.159016824395373,8.03021192398701,Argentina
47,Buenos Aires,2022,2.92292358803987,71.0149501661129,8.18323353293413,11.0307432432433,23.1188811188811,42.2958333333333,2.46483050847459,16.3279069767442,-34.6037,-58.3816,8.45916666666666,1.54125874125874,0.818323353293413,0.183845720720721,9.4613357406808,Argentina
48,Buenos Aires,2023,3.44912891986063,71.8083044982699,10.7149606299213,10.8590909090909,24.1527272727273,51.9573170731707,4.69532710280376,18.0477508650519,-34.6037,-58.3816,10.3914634146341,1.61018181818182,1.07149606299213,0.180984848484848,11.6439443261111,Argentina
49,Canberra,2019,8.89677419354839,47.8153846153846,1.78064516129032,8.50322580645161,60.5483870967742,128.709677419355,NA,20.7269230769231,-35.2809,149.13,25.741935483871,4.03655913978495,0.178064516129032,0.141720430107527,26.0617204301075,Australia
50,Canberra,2020,5.34582132564842,73.6159574468084,2.2051575931232,7.52752525252525,21.4469696969697,39.5757575757576,NA,12.6962765957447,-35.2809,149.13,7.91515151515152,1.42979797979798,0.22051575931232,0.125458754208754,8.26112602867259,Australia
51,Canberra,2021,3.36415584415585,74.1516709511568,1.83031914893616,6.6185089974293,8.31362467866324,23.6863753213368,NA,11.9588688946015,-35.2809,149.13,4.73727506426735,0.554241645244216,0.183031914893616,0.110308483290488,5.03061546245146,Australia
52,Canberra,2022,3.84561403508772,76.4162790697674,1.77113402061855,6.93887043189369,6.46843853820598,21.2724252491694,NA,10.5890365448505,-35.2809,149.13,4.25448504983389,0.431229235880399,0.177113402061855,0.115647840531561,4.5472462924273,Australia
53,Canberra,2023,3.64636678200692,74.7204152249133,1.95543859649122,6.3553633217993,8.57785467128028,25.5086505190311,NA,11.5301038062284,-35.2809,149.13,5.10173010380623,0.571856978085352,0.195543859649122,0.105922722029988,5.40319668548534,Australia
54,Delhi,2019,10.5241286863271,61.357908847185,18.2308310991957,8.60241286863271,136.782841823056,170.678284182306,6.55924932975871,25.2193029490617,28.6139,77.209,34.1356568364611,9.11885612153709,1.82308310991957,0.143373547810545,36.1021134941912,India
55,Delhi,2020,9.78661616161616,61.6842931937173,14.4179292929293,9.71843434343433,116.315656565657,156.388888888889,5.53181818181818,25.8717277486911,28.6139,77.209,31.2777777777778,7.7543771043771,1.44179292929293,0.161973905723906,32.8815446127946,India
56,Delhi,2021,9.83547557840617,62.2385012919897,14.8508997429306,8.96478149100257,129.73264781491,163.393316195373,5.12904884318766,25.9695090439277,28.6139,77.209,32.6786632390746,8.64884318766067,1.4850899742930599,0.149413024850043,34.3131662382177,India
57,Delhi,2022,9.36677740863787,60.4750830564785,13.358803986710999,7.65581395348837,121.564784053156,149.518272425249,4.34451827242525,27.5727574750831,28.6139,77.209,29.9036544850498,8.10431893687708,1.3358803986711,0.127596899224806,31.3671317829457,India
58,Delhi,2023,8.62214532871973,62.357785467128,11.7079584775086,7.72906574394464,100.217993079585,132.463667820069,3.87370242214533,25.9536332179931,28.6139,77.209,26.4927335640138,6.68119953863898,1.17079584775086,0.128817762399077,27.7923471741638,India
59,Hong Kong,2019,6.30935828877005,71.871081081081,19.9318181818182,20.6139037433155,29.4331550802139,65.7112299465241,2.52245989304813,23.932972972973,22.3193,114.1694,13.1422459893048,1.96221033868093,1.99318181818182,0.343565062388592,15.4789928698752,Hong Kong
60,Hong Kong,2020,5.53232323232323,73.0641909814323,16.3323232323232,18.4358585858586,24.0328282828283,52.7954545454545,2.23914141414141,24.6397877984085,22.3193,114.1694,10.5590909090909,1.60218855218855,1.63323232323232,0.30726430976431,12.4995875420875,Hong Kong
61,Hong Kong,2021,5.47737789203086,71.3125964010283,17.893059125964,19.3755784061697,24.6555269922879,54.7712082262211,2.3012853470437,24.8856041131106,22.3193,114.1694,10.9542416452442,1.64370179948586,1.7893059125964,0.322926306769495,13.0664738646101,Hong Kong
62,Hong Kong,2022,5.15714285714286,72.1734219269103,15.1777408637874,21.2704318936877,20.7275747508306,48.906976744186,2.221926910299,25.8006644518273,22.3193,114.1694,9.78139534883721,1.38183831672204,1.51777408637874,0.354507198228129,11.6536766334441,Hong Kong
63,Hong Kong,2023,5.1083044982699,78.1982698961938,16.823875432526,23.4861591695502,25.6401384083045,58.7231833910035,1.85259515570934,23.0865051903114,22.3193,114.1694,11.7446366782007,1.70934256055363,1.6823875432526,0.39143598615917,13.8184602076125,Hong Kong
64,Islamabad,2019,NA,66.9433070866142,NA,NA,NA,107.4453125,NA,18.4350393700787,33.6844,73.0479,21.4890625,NA,NA,NA,21.4890625,Pakistan
65,Islamabad,2020,NA,61.029255319149,NA,NA,NA,103.111111111111,NA,21.2978723404256,33.6844,73.0479,20.6222222222222,NA,NA,NA,20.6222222222222,Pakistan
66,Islamabad,2021,NA,55.2287878787879,NA,NA,NA,108.079310344828,NA,21.3560606060606,33.6844,73.0479,21.6158620689655,NA,NA,NA,21.6158620689655,Pakistan
67,Islamabad,2022,NA,58.9963210702341,NA,NA,NA,105.992957746479,NA,24.7682274247492,33.6844,73.0479,21.1985915492958,NA,NA,NA,21.1985915492958,Pakistan
68,Islamabad,2023,NA,56.7659685863874,NA,NA,NA,102.628272251309,NA,20.9230366492147,33.6844,73.0479,20.5256544502618,NA,NA,NA,20.5256544502618,Pakistan
69,Kampala,2019,NA,81.3559420289855,NA,NA,NA,133.613698630137,NA,22.4750724637681,0.3476,32.5825,26.7227397260274,NA,NA,NA,26.7227397260274,Uganda
70,Kampala,2020,NA,78.4762987012987,NA,NA,NA,130.190625,NA,22.774025974026,0.3476,32.5825,26.038125,NA,NA,NA,26.038125,Uganda
71,Kampala,2021,NA,77.6340909090909,NA,NA,NA,126.509971509972,NA,22.8727272727273,0.3476,32.5825,25.3019943019943,NA,NA,NA,25.3019943019943,Uganda
72,Kampala,2022,NA,77.0528368794326,NA,NA,NA,116.977611940299,NA,22.4602836879433,0.3476,32.5825,23.3955223880597,NA,NA,NA,23.3955223880597,Uganda
73,Kampala,2023,NA,77.7448598130841,NA,NA,NA,109,NA,22.85,0.3476,32.5825,21.8,NA,NA,NA,21.8,Uganda
74,Manama,2019,NA,55.7140921409214,NA,NA,NA,118.008379888268,NA,27.9536585365854,26.2235,50.586,23.6016759776536,NA,NA,NA,23.6016759776536,Bahrain
75,Manama,2020,NA,55.8039893617021,NA,NA,NA,111.687817258883,NA,28.1776595744681,26.2235,50.586,22.3375634517766,NA,NA,NA,22.3375634517766,Bahrain
76,Manama,2021,NA,52.9104557640751,NA,NA,NA,118.85632183908,NA,28.4024128686327,26.2235,50.586,23.7712643678161,NA,NA,NA,23.7712643678161,Bahrain
77,Manama,2022,NA,46.5570707070707,NA,NA,NA,135.010989010989,NA,32.6156565656566,26.2235,50.586,27.0021978021978,NA,NA,NA,27.0021978021978,Bahrain
78,Manama,2023,NA,58.4916943521594,NA,NA,NA,105.214007782101,NA,31.1305647840532,26.2235,50.586,21.0428015564202,NA,NA,NA,21.0428015564202,Bahrain
79,Mexico City,2019,6.83538873994638,42.3425474254743,16.886327077748,22.2798927613941,36.0160857908847,67.2037533512064,3.86702412868632,13.8452574525745,19.4326,-99.1332,13.4407506702413,2.40107238605898,1.6886327077748,0.371331546023235,15.5007149240393,Mexico
80,Mexico City,2020,6.48962025316455,50.0921875,14.7655696202532,21.6007594936709,34.6278481012658,60.6810126582279,3.72683544303797,17.44453125,19.4326,-99.1332,12.1362025316456,2.30852320675106,1.47655696202532,0.360012658227848,13.9727721518987,Mexico
81,Mexico City,2021,6.53186528497408,51.8753213367609,16.4170984455958,19.3041450777202,33.9637305699482,60.7253886010363,3.45829015544041,17.0627249357327,19.4326,-99.1332,12.1450777202073,2.26424870466321,1.64170984455958,0.321735751295337,14.1085233160622,Mexico
82,Mexico City,2022,6.24916943521594,56.0654485049834,16.4551495016611,19.5548172757475,32.4252491694352,60.6644518272425,3.08970099667773,17.6043189368771,19.4326,-99.1332,12.1328903654485,2.16168327796235,1.64551495016611,0.325913621262459,14.1043189368771,Mexico
83,Mexico City,2023,6.81701388888889,47.1435986159169,15.2097222222222,20.8409722222222,38.5138888888889,61.5902777777778,3.5236111111111,18.5166089965398,19.4326,-99.1332,12.3180555555556,2.56759259259259,1.52097222222222,0.347349537037037,14.1863773148148,Mexico
84,Moscow,2019,3.04887005649717,73.6247191011236,13.1429378531073,8.92848484848485,20.4745762711864,41.9378531073446,1.13361581920904,8.04016853932585,55.7558,37.6173,8.38757062146893,1.36497175141243,1.31429378531073,0.148808080808081,9.85067248758774,Russia
85,Moscow,2020,2.83268156424581,67.4951149425287,13.3477653631285,11.3793296089385,20.0921787709497,42.3491620111732,1.10977653631285,9.51551724137931,55.7558,37.6173,8.46983240223464,1.33947858472998,1.33477653631285,0.189655493482309,9.9942644320298,Russia
86,Moscow,2021,2.90051413881748,63.9311053984576,17.5352185089974,13.9082262210797,18.6323907455013,43.9537275064267,0.921336760925449,7.91233933161953,55.7558,37.6173,8.79074550128535,1.24215938303342,1.75352185089974,0.231803770351328,10.7760711225364,Russia
87,Moscow,2022,2.77112970711297,66.704132231405,16.2410041841004,10.5343220338983,18.7615062761506,39.4476987447699,0.850209205020921,11.6665289256198,55.7558,37.6173,7.88953974895397,1.25076708507671,1.62410041841004,0.175572033898305,9.68921220126232,Russia
88,Moscow,2023,2.60865051903114,65.336678200692,17.1501730103806,12.5965277777778,16.6678200692042,34.7647058823529,0.857638888888889,5.14256055363322,55.7558,37.6173,6.95294117647059,1.11118800461361,1.71501730103806,0.20994212962963,8.87790060713828,Russia
89,Oslo,2019,0.100000000000001,68.9829268292683,12.525935828877,20.0408408408408,12.9304812834225,28.9385026737968,NA,7.84281842818428,59.9139,10.7522,5.78770053475936,0.862032085561497,1.2525935828877,0.334014014014014,7.37430813166107,Norway
90,Oslo,2020,0.100000000000001,67.2109042553191,9.46287878787879,NA,12.4873737373737,24.8661616161616,NA,9.27978723404256,59.9139,10.7522,4.97323232323232,0.832491582491582,0.946287878787879,NA,5.9195202020202,Norway
91,Oslo,2021,0.100000000000001,62.4785907859079,9.51287671232877,NA,13.1123287671233,28.5698630136986,NA,8.79512195121951,59.9139,10.7522,5.71397260273973,0.874155251141552,0.951287671232877,NA,6.6652602739726,Norway
92,Oslo,2022,0.1,61.4279069767442,8.166,NA,11.6266666666667,24.4433333333333,NA,10.1059800664452,59.9139,10.7522,4.88866666666667,0.775111111111111,0.8166,NA,5.70526666666667,Norway
93,Oslo,2023,0.0999999999999998,58.0020942408377,10.4219895287958,NA,15.4973821989529,29.4397905759162,NA,6.66335078534031,59.9139,10.7522,5.88795811518325,1.03315881326353,1.04219895287958,NA,6.93015706806283,Norway
94,Ottawa,2019,0.483378016085791,69.3016304347826,6.11876675603217,8.32654155495979,NA,29.0509383378016,0.42198275862069,6.66413043478261,45.4215,-75.6972,5.81018766756032,NA,0.611876675603217,0.138775692582663,6.5608400357462,Canada
95,Ottawa,2020,0.41010101010101,71.133066666666707,5.09368686868686,18.0724747474748,NA,25.5479797979798,0.412288135593221,8.91093333333334,45.4215,-75.6972,5.10959595959596,NA,0.509368686868686,0.301207912457913,5.92017255892256,Canada
96,Ottawa,2021,0.49475138121547,70.9730077120822,4.8051948051948,18.7686375321337,NA,28.0154241645244,0.318072289156627,8.87043701799486,45.4215,-75.6972,5.60308483290489,NA,0.48051948051948,0.312810625535562,6.39641493895993,Canada
97,Ottawa,2022,0.167272727272728,68.1681063122924,4.52399999999999,17.9322259136213,NA,25.3720930232558,1.94588235294118,12.7362126245847,45.4215,-75.6972,5.07441860465116,NA,0.452399999999999,0.298870431893688,5.82568903654485,Canada
98,Ottawa,2023,0.175975975975977,71.6111111111111,4.21062176165803,19.4421188630491,NA,34.9586563307494,0.604301075268817,9.37467700258398,45.4215,-75.6972,6.99173126614987,NA,0.421062176165803,0.324035314384152,7.73682875669983,Canada
99,Paris,2019,0.100000000000001,73.5837398373984,17.3491978609626,18.3358288770053,21.4385026737968,47.2433155080214,0.589572192513369,13.3940379403794,48.8566,2.3522,9.44866310160428,1.42923351158645,1.73491978609626,0.305597147950089,11.4891800356506,France
100,Paris,2020,0.100000000000001,73.0265789473684,13.0820707070707,20.0757575757576,18.7575757575758,41.7525252525252,0.750381679389313,13.6705263157895,48.8566,2.3522,8.35050505050505,1.25050505050505,1.30820707070707,0.334595959595959,9.99330808080808,France
101,Paris,2021,0.100000000000001,76.3843187660668,14.3953608247423,19.498969072165,19.9768041237113,46.2879177377892,0.618852459016393,12.3491002570694,48.8566,2.3522,9.25758354755784,1.33178694158076,1.43953608247423,0.324982817869416,11.0221024479015,France
102,Paris,2022,0.1,71.1578073089699,12.6724252491694,21.2395348837209,18.5282392026578,39.0431893687708,0.25,15.6431893687708,48.8566,2.3522,7.80863787375415,1.23521594684385,1.26724252491694,0.353992248062015,9.42987264673311,France
103,Paris,2023,0.1,71.4394463667819,12.2249134948097,24.7771626297578,18.7439446366782,41.4913494809689,NA,14.8657439446367,48.8566,2.3522,8.29826989619377,1.24959630911188,1.22249134948097,0.412952710495963,9.93371395617071,France
104,Pretoria,2019,6.48983957219251,27.5403225806452,6.66958904109589,7.71223021582734,49.3972602739726,87.233676975945,4.74832402234637,10.0736559139785,-25.7461,28.1881,17.446735395189,3.29315068493151,0.666958904109589,0.128537170263789,18.2422314695624,South Africa
105,Pretoria,2020,4.60050505050506,63.5045212765957,8.86565656565656,3.36296296296296,35.9469696969697,73.2575757575758,2.82525252525253,16.9135638297872,-25.7461,28.1881,14.6515151515152,2.39646464646465,0.886565656565656,0.0560493827160494,15.5941301907969,South Africa
106,Pretoria,2021,9.82374670184697,59.2245478036175,5.68380462724936,6.61185897435897,35.7429305912596,73.1632124352331,3.03419023136247,17.4614395886889,-25.7461,28.1881,14.6326424870466,2.38286203941731,0.568380462724936,0.11019764957265,15.3112205993442,South Africa
107,Pretoria,2022,16.1352272727273,61.8531561461795,7.177,5.4219512195122,36.4766666666667,75.2366666666667,2.238,16.671096345515,-25.7461,28.1881,15.0473333333333,2.43177777777778,0.7177,0.0903658536585367,15.8553991869919,South Africa
108,Pretoria,2023,8.7376306620209,63.3930795847751,5.59757785467128,13.7533101045296,36.8373702422145,72.7785467128028,2.07750865051903,19.2048442906574,-25.7461,28.1881,14.5557093425606,2.4558246828143,0.559757785467128,0.229221835075494,15.3446889631032,South Africa
109,Reykjavík,2019,0.100000000000001,81.9438943894391,3.11947194719472,NA,7.44884488448845,14.3828382838284,1.09075907590759,6.4069306930693,64.1265,-21.8174,2.87656765676568,0.496589658965897,0.311947194719472,NA,3.18851485148515,Iceland
110,Reykjavík,2020,0.1,73.4928759894459,3.06962025316456,NA,8.12532637075718,13.5254901960784,1.70843989769821,5.23430079155673,64.1265,-21.8174,2.70509803921569,0.541688424717145,0.306962025316456,NA,3.01206006453214,Iceland
111,Reykjavík,2021,0.0999999999999997,75.2075520833333,2.30392670157068,NA,9.51832460732984,16.6649214659686,2.04947643979058,5.421875,64.1265,-21.8174,3.33298429319372,0.63455497382199,0.230392670157068,NA,3.56337696335079,Iceland
112,Reykjavík,2022,0.100000000000001,72.9435215946844,2.5063122923588,NA,5.32890365448505,13.4485049833887,2.18073089700997,6.53654485049834,64.1265,-21.8174,2.68970099667774,0.355260243632337,0.25063122923588,NA,2.94033222591362,Iceland
113,Reykjavík,2023,0.1,75.6532871972318,3.11314878892734,NA,6.44290657439446,16.8235294117647,2.37647058823529,6.32456747404844,64.1265,-21.8174,3.36470588235294,0.429527104959631,0.311314878892734,NA,3.67602076124567,Iceland
114,Rome,2019,0.100000000000001,64.3439024390245,13.572192513369,18.3823529411765,21.0695187165775,47.6951871657754,0.372386058981234,17.0211382113821,41.9028,12.4964,9.53903743315508,1.40463458110517,1.3572192513369,0.306372549019608,11.2026292335116,Italy
115,Rome,2020,0.100000000000001,68.0936675461741,11.2458227848101,18.5156962025316,21.5569620253165,48.6227848101266,0.365228426395939,17.3606860158311,41.9028,12.4964,9.72455696202532,1.43713080168776,1.12458227848101,0.308594936708861,11.1577341772152,Italy
116,Rome,2021,0.100000000000001,61.5604651162791,10.7510471204188,18.994502617801,20.7486910994764,44.5418848167539,0.622774869109947,17.2147286821705,41.9028,12.4964,8.90837696335079,1.38324607329843,1.07510471204188,0.316575043630017,10.3000567190227,Italy
117,Rome,2022,0.100000000000001,61.8322259136213,10.5003322259136,21.0667774086379,20.6179401993355,45.1428571428571,1.15016611295681,20.1594684385382,41.9028,12.4964,9.02857142857143,1.37452934662237,1.05003322259136,0.351112956810631,10.4297176079734,Italy
118,Rome,2023,0.1,66.2403141361257,11.0167539267016,18.8732984293194,18.6806282722513,44.8010471204189,1.4586387434555,14.4675392670157,41.9028,12.4964,8.96020942408377,1.24537521815009,1.10167539267016,0.31455497382199,10.3764397905759,Italy
119,São Paulo,2019,4.92021563342318,76.3918699186992,14.4512129380054,14.3156334231806,23.4932614555256,54.0619946091644,1.07843665768195,21.9710027100271,-23.5505,-46.6333,10.8123989218329,1.56621743036837,1.44512129380054,0.238593890386343,12.4961141060198,Brazil
120,São Paulo,2020,4.07727272727272,76.9979434447301,12.5555555555555,15.1545454545455,22.4494949494949,49.8080808080808,0.971212121212127,19.7712082262211,-23.5505,-46.6333,9.96161616161616,1.496632996633,1.25555555555555,0.252575757575758,11.4697474747475,Brazil
121,São Paulo,2021,3.91285347043702,77.4264781491002,12.8781491002571,14.9922879177378,22.2056555269923,51.4807197943445,1.05758354755785,18.7560411311054,-23.5505,-46.6333,10.2961439588689,1.48037703513282,1.28781491002571,0.24987146529563,11.8338303341902,Brazil
122,São Paulo,2022,4.59102990033223,78.3059800664452,14.3488372093023,14.214950166113,22.7707641196013,49.5548172757475,1.16644518272426,18.0531561461794,-23.5505,-46.6333,9.9109634551495,1.51805094130676,1.43488372093023,0.236915836101883,11.5827630121816,Brazil
123,São Paulo,2023,4.64229765013054,78.2356589147287,14.9751958224543,14.9417754569191,22.9088541666667,50.7838541666667,0.983507853403147,20.437984496124,-23.5505,-46.6333,10.156770833333301,1.52725694444444,1.49751958224543,0.249029590948651,11.9033200065274,Brazil
124,Singapore,2019,5.21711229946524,79.6513513513514,NA,10.355614973262,29.3983957219251,55.4812834224599,4.50534759358288,27.9021621621622,1.3521,103.8198,11.096256684492,1.95989304812834,NA,0.172593582887701,11.2688502673797,Singapore
125,Singapore,2020,4.71212121212121,80.0875331564987,NA,9.46969696969697,25.1691919191919,42.1363636363636,2.51908396946565,27.7437665782493,1.3521,103.8198,8.42727272727273,1.67794612794613,NA,0.157828282828283,8.58510101010101,Singapore
126,Singapore,2021,4.46529562982005,80.5361038961039,NA,10.1748071979434,27.8508997429306,44.7712082262211,2.58611825192802,27.2662337662338,1.3521,103.8198,8.95424164524422,1.85672664952871,NA,0.169580119965724,9.12382176520994,Singapore
127,Singapore,2022,5.04651162790698,81.4259136212624,NA,9.03986710963455,21.6046511627907,39.9568106312292,3.13953488372093,27.3641196013289,1.3521,103.8198,7.99136212624585,1.44031007751938,NA,0.150664451827243,8.14202657807309,Singapore
128,Singapore,2023,4.77486910994764,82.9439790575916,NA,9.70157068062827,20.6753926701571,34.0418848167539,2.53403141361256,27.2853403141361,1.3521,103.8198,6.80837696335079,1.3783595113438,NA,0.161692844677138,6.97006980802792,Singapore
129,Taipei,2019,4.23315508021391,77.1054054054054,12.9141711229947,24.0465240641711,25.8609625668449,49.5160427807487,3.25106951871657,22.5645945945946,25.033,121.5654,9.90320855614973,1.72406417112299,1.29141711229947,0.400775401069519,11.5954010695187,Taiwan
130,Taipei,2020,4.64166666666667,79.5584656084656,12.015404040404,22.3654040404041,23.3080808080808,46.3409090909091,2.48964646464646,23.431746031746,25.033,121.5654,9.26818181818182,1.55387205387205,1.2015404040404,0.372756734006734,10.842478956229,Taiwan
131,Taipei,2021,4.30000000000001,77.948051948052,11.1912596401028,21.1668380462725,24.0745501285347,49.1233933161954,1.99203084832905,23.5236363636364,25.033,121.5654,9.82467866323908,1.60497000856898,1.11912596401028,0.352780634104542,11.2965852613539,Taiwan
132,Taipei,2022,3.93687707641196,80.385049833887,10.0199335548173,19.8046511627907,19.7176079734219,39.2823920265781,1.25415282392027,24.4551495016611,25.033,121.5654,7.85647840531561,1.31450719822813,1.00199335548173,0.330077519379845,9.18854928017719,Taiwan
133,Taipei,2023,4.29515570934256,79.3231833910035,10.739446366782,23.738062283737,25.1314878892734,47.4982698961938,1.29100346020761,21.4505190311419,25.033,121.5654,9.49965397923875,1.67543252595156,1.0739446366782,0.395634371395617,10.9692329873126,Taiwan
134,Tbilisi,2019,8.53870967741935,64.0769230769231,13.5935483870968,7.29677419354839,47.8064516129032,102.129032258065,2.3,5.76923076923077,41.7151,44.8271,20.4258064516129,3.18709677419355,1.35935483870968,0.121612903225806,21.9067741935484,Georgia
135,Tbilisi,2020,3.52702702702702,63.5614973262032,11.0739864864865,13.3121621621622,40.7980132450331,75.8576158940397,1.60610169491526,14.418449197861,41.7151,44.8271,15.1715231788079,2.71986754966887,1.10739864864865,0.221869369369369,16.500791196826,Georgia
136,Tbilisi,2021,3.70077120822622,63.1178756476684,10.3074550128535,16.1714652956298,37.2622107969152,68.26735218509,3.62790697674418,13.8963730569948,41.7151,44.8271,13.653470437018,2.48414738646101,1.03074550128535,0.269524421593831,14.9537403598972,Georgia
137,Tbilisi,2022,3.87541528239203,59.1162790697674,12.7312292358804,16.9006644518273,31.9966777408638,55.7076411960133,3.97740863787375,16.7043189368771,41.7151,44.8271,11.1415282392027,2.13311184939092,1.27312292358804,0.281677740863788,12.6963289036545,Georgia
138,Tbilisi,2023,5.81832460732984,66.2931937172775,14.5780104712042,11.2811518324607,30.8638743455497,59.5340314136126,6.18743455497382,11.3141361256544,41.7151,44.8271,11.9068062827225,2.05759162303665,1.45780104712042,0.188019197207679,13.5526265270506,Georgia
139,Tokyo,2019,3.385254691689,52.0046070460704,14.0611260053619,23.3707774798928,15.230563002681,43.254691689008,2.30321715817694,17.0170731707317,35.6895,139.6917,8.65093833780161,1.0153708668454,1.40611260053619,0.389512957998213,10.446563896336,Japan
140,Tokyo,2020,3.67923076923077,65.4999999999999,13.0276923076923,21.8910256410257,13.1564102564103,37.9871794871795,1.84461538461538,17.2690860215054,35.6895,139.6917,7.5974358974359,0.877094017094017,1.30276923076923,0.364850427350428,9.26505555555556,Japan
141,Tokyo,2021,3.64318766066838,65.1658097686375,12.4506426735218,23.6596401028278,12.866323907455,33.1619537275064,1.72313624678663,17.3922879177378,35.6895,139.6917,6.63239074550129,0.857754927163667,1.24506426735218,0.39432733504713,8.2717823479006,Japan
142,Tokyo,2022,3.509634551495,69.8936877076412,11.5255813953488,22.7325581395349,13.2923588039867,36.1727574750831,1.77906976744186,19.890365448505,35.6895,139.6917,7.23455149501661,0.886157253599114,1.15255813953488,0.378875968992248,8.76598560354375,Japan
143,Tokyo,2023,3.34290657439446,66.1806228373703,10.7062283737024,24.9903114186851,14.1245674740484,37.8927335640138,1.6356401384083,19.2553633217993,35.6895,139.6917,7.57854671280277,0.941637831603229,1.07062283737024,0.416505190311419,9.06567474048443,Japan
144,Vienna,2019,0.100000000000001,67.6308943089431,8.27647058823529,NA,15.2727272727273,42.6818181818182,1.53663101604279,12.8092140921409,48.2082,16.3738,8.53636363636364,1.01818181818182,0.82764705882353,NA,9.36401069518717,Austria
145,Vienna,2020,0.100000000000001,72.0765957446809,7.34227848101266,NA,14.5164556962025,39.8050632911392,1.09822784810127,12.2441489361702,48.2082,16.3738,7.96101265822785,0.967763713080169,0.734227848101266,NA,8.69524050632911,Austria
146,Vienna,2021,0.100000000000001,70.0354755784062,7.60976863753213,NA,15.3598971722365,41.46529562982,1.03264781491003,11.6688946015424,48.2082,16.3738,8.29305912596401,1.02399314481577,0.760976863753213,NA,9.05403598971722,Austria
147,Vienna,2022,0.100000000000001,70.2342192691029,6.8584717607973396,NA,14.0033222591362,35.750830564784,1.30099667774087,14.6568106312292,48.2082,16.3738,7.15016611295681,0.933554817275747,0.685847176079734,NA,7.83601328903654,Austria
148,Vienna,2023,0.1,72.0294117647059,7.18263888888889,NA,13.4270833333333,36.5451388888889,1.16979166666667,10.018339100346,48.2082,16.3738,7.30902777777778,0.895138888888889,0.718263888888889,NA,8.02729166666667,Austria
149,Washington D.C.,2019,1.5403743315508,55.4756097560976,6.28101604278074,17.3532085561497,NA,28.6122994652406,0.365740740740741,13.7945799457994,38.9072,-77.0369,5.72245989304813,NA,0.628101604278074,0.289220142602495,6.6397816399287,United States
150,Washington D.C.,2020,1.65606060606061,72.6749333333334,4.62651515151515,14.7886363636364,NA,26.7828282828283,0.213550135501356,15.0032,38.9072,-77.0369,5.35656565656566,NA,0.462651515151515,0.246477272727273,6.06569444444444,United States
151,Washington D.C.,2021,1.54730077120823,69.853470437018,5.07814910025707,14.1516709511568,NA,30.4910025706941,0.37122507122507,14.4483290488432,38.9072,-77.0369,6.09820051413882,NA,0.507814910025707,0.23586118251928,6.84187660668381,United States
152,Washington D.C.,2022,0.870099667774086,71.6176079734219,4.88239202657808,13.7970099667774,12.9450980392157,28.6112956810631,0.272932330827068,16.3681063122924,38.9072,-77.0369,5.72225913621262,0.863006535947712,0.488239202657808,0.229950166112957,6.44044850498339,United States
153,Washington D.C.,2023,1.15416666666667,68.5868512110727,4.31764705882353,16.4283737024221,16.4561403508772,34.9757785467128,0.242857142857144,16.1602076124567,38.9072,-77.0369,6.99515570934256,1.09707602339181,0.431764705882353,0.273806228373702,7.70072664359861,United States
154,Wellington,2019,NA,38.1656756756756,NA,NA,10.8609625668449,26.4932975871314,NA,14.0913513513513,-41.2865,174.7762,5.29865951742627,0.724064171122995,NA,NA,5.29865951742627,New Zealand
155,Wellington,2020,NA,75.1570666666668,NA,NA,9.66414141414141,25.9242424242424,NA,13.2997333333333,-41.2865,174.7762,5.18484848484849,0.644276094276094,NA,NA,5.18484848484849,New Zealand
156,Wellington,2021,NA,75.5306629834254,NA,NA,9.69665809768638,24.5706940874036,NA,13.7233933161954,-41.2865,174.7762,4.91413881748072,0.646443873179092,NA,NA,4.91413881748072,New Zealand
157,Wellington,2022,NA,77.2252491694352,NA,NA,8.99335548172757,23.9102990033222,NA,12.846511627907,-41.2865,174.7762,4.78205980066445,0.599557032115172,NA,NA,4.78205980066445,New Zealand
158,Wellington,2023,NA,79.2214532871972,NA,NA,9.21088435374149,19.8266666666667,NA,13.376124567474,-41.2865,174.7762,3.96533333333333,0.6140589569161,NA,NA,3.96533333333333,New Zealand
